{
  "results_table": [
    {
      "Model": "Decision Tree",
      "Accuracy": 0.9776244249268089,
      "Precision": 0.9777495232040686,
      "Recall": 0.9769214482320558,
      "F1 Score": 0.977335310315611
    },
    {
      "Model": "Random Forest",
      "Accuracy": 0.9916352990380594,
      "Precision": 0.9898712808609411,
      "Recall": 0.9932246453525302,
      "F1 Score": 0.9915451278799409
    },
    {
      "Model": "KNN",
      "Accuracy": 0.9893350062735258,
      "Precision": 0.9885810953689997,
      "Recall": 0.9898369680287953,
      "F1 Score": 0.9892086330935251
    }
  ],
  "best_model": "Random Forest",
  "confusion_matrices": {
    "Decision Tree": [
      [
        4736,
        105
      ],
      [
        109,
        4614
      ]
    ],
    "Random Forest": [
      [
        4793,
        48
      ],
      [
        32,
        4691
      ]
    ],
    "KNN": [
      [
        4787,
        54
      ],
      [
        48,
        4675
      ]
    ]
  },
  "classification_reports": {
    "Decision Tree": {
      "0.0": {
        "precision": 0.9775025799793602,
        "recall": 0.978310266473869,
        "f1-score": 0.977906256452612,
        "support": 4841.0
      },
      "1.0": {
        "precision": 0.9777495232040686,
        "recall": 0.9769214482320558,
        "f1-score": 0.977335310315611,
        "support": 4723.0
      },
      "accuracy": 0.9776244249268089,
      "macro avg": {
        "precision": 0.9776260515917143,
        "recall": 0.9776158573529624,
        "f1-score": 0.9776207833841115,
        "support": 9564.0
      },
      "weighted avg": {
        "precision": 0.9776245282071203,
        "recall": 0.9776244249268089,
        "f1-score": 0.9776243055319664,
        "support": 9564.0
      }
    },
    "Random Forest": {
      "0.0": {
        "precision": 0.9933678756476684,
        "recall": 0.9900846932451973,
        "f1-score": 0.9917235671425616,
        "support": 4841.0
      },
      "1.0": {
        "precision": 0.9898712808609411,
        "recall": 0.9932246453525302,
        "f1-score": 0.9915451278799409,
        "support": 4723.0
      },
      "accuracy": 0.9916352990380594,
      "macro avg": {
        "precision": 0.9916195782543047,
        "recall": 0.9916546692988637,
        "f1-score": 0.9916343475112512,
        "support": 9564.0
      },
      "weighted avg": {
        "precision": 0.9916411486320146,
        "recall": 0.9916352990380594,
        "f1-score": 0.9916354482971664,
        "support": 9564.0
      }
    },
    "KNN": {
      "0.0": {
        "precision": 0.9900723888314374,
        "recall": 0.9888452799008469,
        "f1-score": 0.9894584539065729,
        "support": 4841.0
      },
      "1.0": {
        "precision": 0.9885810953689997,
        "recall": 0.9898369680287953,
        "f1-score": 0.9892086330935251,
        "support": 4723.0
      },
      "accuracy": 0.9893350062735258,
      "macro avg": {
        "precision": 0.9893267421002185,
        "recall": 0.9893411239648211,
        "f1-score": 0.989333543500049,
        "support": 9564.0
      },
      "weighted avg": {
        "precision": 0.9893359418403151,
        "recall": 0.9893350062735258,
        "f1-score": 0.9893350846363906,
        "support": 9564.0
      }
    }
  },
  "feature_importance": {
    "Chest_Pain": 0.10374754232465257,
    "Shortness_of_Breath": 0.0709636095152367,
    "Fatigue": 0.10295581618793329,
    "Palpitations": 0.078339639812604,
    "Dizziness": 0.09541359923906349,
    "Swelling": 0.05821166016491539,
    "Pain_Arms_Jaw_Back": 0.11690158856469053,
    "Cold_Sweats_Nausea": 0.11282830826151893,
    "High_BP": 0.012586047150798026,
    "High_Cholesterol": 0.01060409515450383,
    "Diabetes": 0.009750437913827228,
    "Smoking": 0.009262163094142606,
    "Obesity": 0.009850624469672309,
    "Sedentary_Lifestyle": 0.013401766370302154,
    "Family_History": 0.010229730525444266,
    "Chronic_Stress": 0.00990711441218226,
    "Gender": 0.005347335544353137,
    "Age": 0.16969892129415912
  },
  "n_train": 44628,
  "n_val": 9563,
  "n_test": 9564
}